<?xml version="1.0" encoding="UTF-8" standalone="yes"?>
<w:styles xmlns:mc="http://schemas.openxmlformats.org/markup-compatibility/2006"
          xmlns:r="http://schemas.openxmlformats.org/officeDocument/2006/relationships"
          xmlns:w="http://schemas.openxmlformats.org/wordprocessingml/2006/main"
          xmlns:w14="http://schemas.microsoft.com/office/word/2010/wordml"
          mc:Ignorable="w14">
  <w:docDefaults>
    <w:rPrDefault>
      <w:rPr>
        <w:rFonts w:asciiTheme="minorHAnsi" w:eastAsiaTheme="minorEastAsia" w:hAnsiTheme="minorHAnsi" w:cstheme="minorBidi"/>
        <w:sz w:val="24"/>
        <w:szCs w:val="24"/>
        <w:lang w:val="en-US" w:eastAsia="en-US" w:bidi="ar-SA"/>
      </w:rPr>
    </w:rPrDefault>
    <w:pPrDefault/>
  </w:docDefaults>
  <w:latentStyles w:defLockedState="0" w:defUIPriority="99" w:defSemiHidden="1" w:defUnhideWhenUsed="1" w:defQFormat="0" w:count="276">
    <w:lsdException w:name="Bibliography"                               w:uiPriority="37"/>
    <w:lsdException w:name="Book Title"                w:semiHidden="0" w:uiPriority="33" w:unhideWhenUsed="0" w:qFormat="1"/>
    <w:lsdException w:name="Colorful Grid Accent 1"    w:semiHidden="0" w:uiPriority="73" w:unhideWhenUsed="0"/>
    <w:lsdException w:name="Colorful Grid Accent 2"    w:semiHidden="0" w:uiPriority="73" w:unhideWhenUsed="0"/>
    <w:lsdException w:name="Colorful Grid Accent 3"    w:semiHidden="0" w:uiPriority="73" w:unhideWhenUsed="0"/>
    <w:lsdException w:name="Colorful Grid Accent 4"    w:semiHidden="0" w:uiPriority="73" w:unhideWhenUsed="0"/>
    <w:lsdException w:name="Colorful Grid Accent 5"    w:semiHidden="0" w:uiPriority="73" w:unhideWhenUsed="0"/>
    <w:lsdException w:name="Colorful Grid Accent 6"    w:semiHidden="0" w:uiPriority="73" w:unhideWhenUsed="0"/>
    <w:lsdException w:name="Colorful Grid"             w:semiHidden="0" w:uiPriority="73" w:unhideWhenUsed="0"/>
    <w:lsdException w:name="Colorful List Accent 1"    w:semiHidden="0" w:uiPriority="72" w:unhideWhenUsed="0"/>
    <w:lsdException w:name="Colorful List Accent 2"    w:semiHidden="0" w:uiPriority="72" w:unhideWhenUsed="0"/>
    <w:lsdException w:name="Colorful List Accent 3"    w:semiHidden="0" w:uiPriority="72" w:unhideWhenUsed="0"/>
    <w:lsdException w:name="Colorful List Accent 4"    w:semiHidden="0" w:uiPriority="72" w:unhideWhenUsed="0"/>
    <w:lsdException w:name="Colorful List Accent 5"    w:semiHidden="0" w:uiPriority="72" w:unhideWhenUsed="0"/>
    <w:lsdException w:name="Colorful List Accent 6"    w:semiHidden="0" w:uiPriority="72" w:unhideWhenUsed="0"/>
    <w:lsdException w:name="Colorful List"             w:semiHidden="0" w:uiPriority="72" w:unhideWhenUsed="0"/>
    <w:lsdException w:name="Colorful Shading Accent 1" w:semiHidden="0" w:uiPriority="71" w:unhideWhenUsed="0"/>
    <w:lsdException w:name="Colorful Shading Accent 2" w:semiHidden="0" w:uiPriority="71" w:unhideWhenUsed="0"/>
    <w:lsdException w:name="Colorful Shading Accent 3" w:semiHidden="0" w:uiPriority="71" w:unhideWhenUsed="0"/>
    <w:lsdException w:name="Colorful Shading Accent 4" w:semiHidden="0" w:uiPriority="71" w:unhideWhenUsed="0"/>
    <w:lsdException w:name="Colorful Shading Accent 5" w:semiHidden="0" w:uiPriority="71" w:unhideWhenUsed="0"/>
    <w:lsdException w:name="Colorful Shading Accent 6" w:semiHidden="0" w:uiPriority="71" w:unhideWhenUsed="0"/>
    <w:lsdException w:name="Colorful Shading"          w:semiHidden="0" w:uiPriority="71" w:unhideWhenUsed="0"/>
    <w:lsdException w:name="Dark List Accent 1"        w:semiHidden="0" w:uiPriority="70" w:unhideWhenUsed="0"/>
    <w:lsdException w:name="Dark List Accent 2"        w:semiHidden="0" w:uiPriority="70" w:unhideWhenUsed="0"/>
    <w:lsdException w:name="Dark List Accent 3"        w:semiHidden="0" w:uiPriority="70" w:unhideWhenUsed="0"/>
    <w:lsdException w:name="Dark List Accent 4"        w:semiHidden="0" w:uiPriority="70" w:unhideWhenUsed="0"/>
    <w:lsdException w:name="Dark List Accent 5"        w:semiHidden="0" w:uiPriority="70" w:unhideWhenUsed="0"/>
    <w:lsdException w:name="Dark List Accent 6"        w:semiHidden="0" w:uiPriority="70" w:unhideWhenUsed="0"/>
    <w:lsdException w:name="Dark List"                 w:semiHidden="0" w:uiPriority="70" w:unhideWhenUsed="0"/>
    <w:lsdException w:name="Default Paragraph Font"                     w:uiPriority="1"/>
    <w:lsdException w:name="Emphasis"                  w:semiHidden="0" w:uiPriority="20" w:unhideWhenUsed="0" w:qFormat="1"/>
    <w:lsdException w:name="Intense Emphasis"          w:semiHidden="0" w:uiPriority="21" w:unhideWhenUsed="0" w:qFormat="1"/>
    <w:lsdException w:name="Intense Quote"             w:semiHidden="0" w:uiPriority="30" w:unhideWhenUsed="0" w:qFormat="1"/>
    <w:lsdException w:name="Intense Reference"         w:semiHidden="0" w:uiPriority="32" w:unhideWhenUsed="0" w:qFormat="1"/>
    <w:lsdException w:name="Light Grid Accent 1"       w:semiHidden="0" w:uiPriority="62" w:unhideWhenUsed="0"/>
    <w:lsdException w:name="Light Grid Accent 2"       w:semiHidden="0" w:uiPriority="62" w:unhideWhenUsed="0"/>
    <w:lsdException w:name="Light Grid Accent 3"       w:semiHidden="0" w:uiPriority="62" w:unhideWhenUsed="0"/>
    <w:lsdException w:name="Light Grid Accent 4"       w:semiHidden="0" w:uiPriority="62" w:unhideWhenUsed="0"/>
    <w:lsdException w:name="Light Grid Accent 5"       w:semiHidden="0" w:uiPriority="62" w:unhideWhenUsed="0"/>
    <w:lsdException w:name="Light Grid Accent 6"       w:semiHidden="0" w:uiPriority="62" w:unhideWhenUsed="0"/>
    <w:lsdException w:name="Light Grid"                w:semiHidden="0" w:uiPriority="62" w:unhideWhenUsed="0"/>
    <w:lsdException w:name="Light List Accent 1"       w:semiHidden="0" w:uiPriority="61" w:unhideWhenUsed="0"/>
    <w:lsdException w:name="Light List Accent 2"       w:semiHidden="0" w:uiPriority="61" w:unhideWhenUsed="0"/>
    <w:lsdException w:name="Light List Accent 3"       w:semiHidden="0" w:uiPriority="61" w:unhideWhenUsed="0"/>
    <w:lsdException w:name="Light List Accent 4"       w:semiHidden="0" w:uiPriority="61" w:unhideWhenUsed="0"/>
    <w:lsdException w:name="Light List Accent 5"       w:semiHidden="0" w:uiPriority="61" w:unhideWhenUsed="0"/>
    <w:lsdException w:name="Light List Accent 6"       w:semiHidden="0" w:uiPriority="61" w:unhideWhenUsed="0"/>
    <w:lsdException w:name="Light List"                w:semiHidden="0" w:uiPriority="61" w:unhideWhenUsed="0"/>
    <w:lsdException w:name="Light Shading Accent 1"    w:semiHidden="0" w:uiPriority="60" w:unhideWhenUsed="0"/>
    <w:lsdException w:name="Light Shading Accent 2"    w:semiHidden="0" w:uiPriority="60" w:unhideWhenUsed="0"/>
    <w:lsdException w:name="Light Shading Accent 3"    w:semiHidden="0" w:uiPriority="60" w:unhideWhenUsed="0"/>
    <w:lsdException w:name="Light Shading Accent 4"    w:semiHidden="0" w:uiPriority="60" w:unhideWhenUsed="0"/>
    <w:lsdException w:name="Light Shading Accent 5"    w:semiHidden="0" w:uiPriority="60" w:unhideWhenUsed="0"/>
    <w:lsdException w:name="Light Shading Accent 6"    w:semiHidden="0" w:uiPriority="60" w:unhideWhenUsed="0"/>
    <w:lsdException w:name="Light Shading"             w:semiHidden="0" w:uiPriority="60" w:unhideWhenUsed="0"/>
    <w:lsdException w:name="List Paragraph"            w:semiHidden="0" w:uiPriority="34" w:unhideWhenUsed="0" w:qFormat="1"/>
    <w:lsdException w:name="Medium Grid 1 Accent 1"    w:semiHidden="0" w:uiPriority="67" w:unhideWhenUsed="0"/>
    <w:lsdException w:name="Medium Grid 1 Accent 2"    w:semiHidden="0" w:uiPriority="67" w:unhideWhenUsed="0"/>
    <w:lsdException w:name="Medium Grid 1 Accent 3"    w:semiHidden="0" w:uiPriority="67" w:unhideWhenUsed="0"/>
    <w:lsdException w:name="Medium Grid 1 Accent 4"    w:semiHidden="0" w:uiPriority="67" w:unhideWhenUsed="0"/>
    <w:lsdException w:name="Medium Grid 1 Accent 5"    w:semiHidden="0" w:uiPriority="67" w:unhideWhenUsed="0"/>
    <w:lsdException w:name="Medium Grid 1 Accent 6"    w:semiHidden="0" w:uiPriority="67" w:unhideWhenUsed="0"/>
    <w:lsdException w:name="Medium Grid 1"             w:semiHidden="0" w:uiPriority="67" w:unhideWhenUsed="0"/>
    <w:lsdException w:name="Medium Grid 2 Accent 1"    w:semiHidden="0" w:uiPriority="68" w:unhideWhenUsed="0"/>
    <w:lsdException w:name="Medium Grid 2 Accent 2"    w:semiHidden="0" w:uiPriority="68" w:unhideWhenUsed="0"/>
    <w:lsdException w:name="Medium Grid 2 Accent 3"    w:semiHidden="0" w:uiPriority="68" w:unhideWhenUsed="0"/>
    <w:lsdException w:name="Medium Grid 2 Accent 4"    w:semiHidden="0" w:uiPriority="68" w:unhideWhenUsed="0"/>
    <w:lsdException w:name="Medium Grid 2 Accent 5"    w:semiHidden="0" w:uiPriority="68" w:unhideWhenUsed="0"/>
    <w:lsdException w:name="Medium Grid 2 Accent 6"    w:semiHidden="0" w:uiPriority="68" w:unhideWhenUsed="0"/>
    <w:lsdException w:name="Medium Grid 2"             w:semiHidden="0" w:uiPriority="68" w:unhideWhenUsed="0"/>
    <w:lsdException w:name="Medium Grid 3 Accent 1"    w:semiHidden="0" w:uiPriority="69" w:unhideWhenUsed="0"/>
    <w:lsdException w:name="Medium Grid 3 Accent 2"    w:semiHidden="0" w:uiPriority="69" w:unhideWhenUsed="0"/>
    <w:lsdException w:name="Medium Grid 3 Accent 3"    w:semiHidden="0" w:uiPriority="69" w:unhideWhenUsed="0"/>
    <w:lsdException w:name="Medium Grid 3 Accent 4"    w:semiHidden="0" w:uiPriority="69" w:unhideWhenUsed="0"/>
    <w:lsdException w:name="Medium Grid 3 Accent 5"    w:semiHidden="0" w:uiPriority="69" w:unhideWhenUsed="0"/>
    <w:lsdException w:name="Medium Grid 3 Accent 6"    w:semiHidden="0" w:uiPriority="69" w:unhideWhenUsed="0"/>
    <w:lsdException w:name="Medium Grid 3"             w:semiHidden="0" w:uiPriority="69" w:unhideWhenUsed="0"/>
    <w:lsdException w:name="Medium List 1 Accent 1"    w:semiHidden="0" w:uiPriority="65" w:unhideWhenUsed="0"/>
    <w:lsdException w:name="Medium List 1 Accent 2"    w:semiHidden="0" w:uiPriority="65" w:unhideWhenUsed="0"/>
    <w:lsdException w:name="Medium List 1 Accent 3"    w:semiHidden="0" w:uiPriority="65" w:unhideWhenUsed="0"/>
    <w:lsdException w:name="Medium List 1 Accent 4"    w:semiHidden="0" w:uiPriority="65" w:unhideWhenUsed="0"/>
    <w:lsdException w:name="Medium List 1 Accent 5"    w:semiHidden="0" w:uiPriority="65" w:unhideWhenUsed="0"/>
    <w:lsdException w:name="Medium List 1 Accent 6"    w:semiHidden="0" w:uiPriority="65" w:unhideWhenUsed="0"/>
    <w:lsdException w:name="Medium List 1"             w:semiHidden="0" w:uiPriority="65" w:unhideWhenUsed="0"/>
    <w:lsdException w:name="Medium List 2 Accent 1"    w:semiHidden="0" w:uiPriority="66" w:unhideWhenUsed="0"/>
    <w:lsdException w:name="Medium List 2 Accent 2"    w:semiHidden="0" w:uiPriority="66" w:unhideWhenUsed="0"/>
    <w:lsdException w:name="Medium List 2 Accent 3"    w:semiHidden="0" w:uiPriority="66" w:unhideWhenUsed="0"/>
    <w:lsdException w:name="Medium List 2 Accent 4"    w:semiHidden="0" w:uiPriority="66" w:unhideWhenUsed="0"/>
    <w:lsdException w:name="Medium List 2 Accent 5"    w:semiHidden="0" w:uiPriority="66" w:unhideWhenUsed="0"/>
    <w:lsdException w:name="Medium List 2 Accent 6"    w:semiHidden="0" w:uiPriority="66" w:unhideWhenUsed="0"/>
    <w:lsdException w:name="Medium List 2"             w:semiHidden="0" w:uiPriority="66" w:unhideWhenUsed="0"/>
    <w:lsdException w:name="Medium Shading 1 Accent 1" w:semiHidden="0" w:uiPriority="63" w:unhideWhenUsed="0"/>
    <w:lsdException w:name="Medium Shading 1 Accent 2" w:semiHidden="0" w:uiPriority="63" w:unhideWhenUsed="0"/>
    <w:lsdException w:name="Medium Shading 1 Accent 3" w:semiHidden="0" w:uiPriority="63" w:unhideWhenUsed="0"/>
    <w:lsdException w:name="Medium Shading 1 Accent 4" w:semiHidden="0" w:uiPriority="63" w:unhideWhenUsed="0"/>
    <w:lsdException w:name="Medium Shading 1 Accent 5" w:semiHidden="0" w:uiPriority="63" w:unhideWhenUsed="0"/>
    <w:lsdException w:name="Medium Shading 1 Accent 6" w:semiHidden="0" w:uiPriority="63" w:unhideWhenUsed="0"/>
    <w:lsdException w:name="Medium Shading 1"          w:semiHidden="0" w:uiPriority="63" w:unhideWhenUsed="0"/>
    <w:lsdException w:name="Medium Shading 2 Accent 1" w:semiHidden="0" w:uiPriority="64" w:unhideWhenUsed="0"/>
    <w:lsdException w:name="Medium Shading 2 Accent 2" w:semiHidden="0" w:uiPriority="64" w:unhideWhenUsed="0"/>
    <w:lsdException w:name="Medium Shading 2 Accent 3" w:semiHidden="0" w:uiPriority="64" w:unhideWhenUsed="0"/>
    <w:lsdException w:name="Medium Shading 2 Accent 4" w:semiHidden="0" w:uiPriority="64" w:unhideWhenUsed="0"/>
    <w:lsdException w:name="Medium Shading 2 Accent 5" w:semiHidden="0" w:uiPriority="64" w:unhideWhenUsed="0"/>
    <w:lsdException w:name="Medium Shading 2 Accent 6" w:semiHidden="0" w:uiPriority="64" w:unhideWhenUsed="0"/>
    <w:lsdException w:name="Medium Shading 2"          w:semiHidden="0" w:uiPriority="64" w:unhideWhenUsed="0"/>
    <w:lsdException w:name="No Spacing"                w:semiHidden="0" w:uiPriority="1"  w:unhideWhenUsed="0" w:qFormat="1"/>
    <w:lsdException w:name="Normal"                    w:semiHidden="0" w:uiPriority="0"  w:unhideWhenUsed="0" w:qFormat="1"/>
    <w:lsdException w:name="Placeholder Text"                                             w:unhideWhenUsed="0"/>
    <w:lsdException w:name="Quote"                     w:semiHidden="0" w:uiPriority="29" w:unhideWhenUsed="0" w:qFormat="1"/>
    <w:lsdException w:name="Revision"                                                     w:unhideWhenUsed="0"/>
    <w:lsdException w:name="Strong"                    w:semiHidden="0" w:uiPriority="22" w:unhideWhenUsed="0" w:qFormat="1"/>
    <w:lsdException w:name="Subtitle"                  w:semiHidden="0" w:uiPriority="11" w:unhideWhenUsed="0" w:qFormat="1"/>
    <w:lsdException w:name="Subtle Emphasis"           w:semiHidden="0" w:uiPriority="19" w:unhideWhenUsed="0" w:qFormat="1"/>
    <w:lsdException w:name="Subtle Reference"          w:semiHidden="0" w:uiPriority="31" w:unhideWhenUsed="0" w:qFormat="1"/>
    <w:lsdException w:name="TOC Heading"                                w:uiPriority="39"                      w:qFormat="1"/>
    <w:lsdException w:name="Table Grid"                w:semiHidden="0" w:uiPriority="59" w:unhideWhenUsed="0"/>
    <w:lsdException w:name="Title"                     w:semiHidden="0" w:uiPriority="10" w:unhideWhenUsed="0" w:qFormat="1"/>
    <w:lsdException w:name="caption"                                    w:uiPriority="35"                      w:qFormat="1"/>
    <w:lsdException w:name="heading 1"                 w:semiHidden="0" w:uiPriority="9"  w:unhideWhenUsed="0" w:qFormat="1"/>
    <w:lsdException w:name="heading 2"                                  w:uiPriority="9"                       w:qFormat="1"/>
    <w:lsdException w:name="heading 3"                                  w:uiPriority="9"                       w:qFormat="1"/>
    <w:lsdException w:name="heading 4"                                  w:uiPriority="9"                       w:qFormat="1"/>
    <w:lsdException w:name="heading 5"                                  w:uiPriority="9"                       w:qFormat="1"/>
    <w:lsdException w:name="heading 6"                                  w:uiPriority="9"                       w:qFormat="1"/>
    <w:lsdException w:name="heading 7"                                  w:uiPriority="9"                       w:qFormat="1"/>
    <w:lsdException w:name="heading 8"                                  w:uiPriority="9"                       w:qFormat="1"/>
    <w:lsdException w:name="heading 9"                                  w:uiPriority="9"                       w:qFormat="1"/>
    <w:lsdException w:name="toc 1"                                      w:uiPriority="39"/>
    <w:lsdException w:name="toc 2"                                      w:uiPriority="39"/>
    <w:lsdException w:name="toc 3"                                      w:uiPriority="39"/>
    <w:lsdException w:name="toc 4"                                      w:uiPriority="39"/>
    <w:lsdException w:name="toc 5"                                      w:uiPriority="39"/>
    <w:lsdException w:name="toc 6"                                      w:uiPriority="39"/>
    <w:lsdException w:name="toc 7"                                      w:uiPriority="39"/>
    <w:lsdException w:name="toc 8"                                      w:uiPriority="39"/>
    <w:lsdException w:name="toc 9"                                      w:uiPriority="39"/>
  </w:latentStyles>
  <w:style w:type="paragraph" w:default="1" w:styleId="Normal">
    <w:name w:val="Normal"/>
    <w:qFormat/>
  </w:style>
  <w:style w:type="paragraph" w:styleId="Heading1">
    <w:name w:val="heading 1"/>
    <w:basedOn w:val="Normal"/>
    <w:next w:val="Normal"/>
    <w:link w:val="Heading1Char"/>
    <w:uiPriority w:val="9"/>
    <w:qFormat/>
    <w:rsid w:val="00AA1D8D"/>
    <w:pPr>
      <w:keepNext/>
      <w:keepLines/>
      <w:spacing w:before="480"/>
      <w:outlineLvl w:val="0"/>
    </w:pPr>
    <w:rPr>
      <w:rFonts w:asciiTheme="majorHAnsi" w:eastAsiaTheme="majorEastAsia" w:hAnsiTheme="majorHAnsi" w:cstheme="majorBidi"/>
      <w:b/>
      <w:bCs/>
      <w:color w:val="345A8A" w:themeColor="accent1" w:themeShade="B5"/>
      <w:sz w:val="32"/>
      <w:szCs w:val="32"/>
    </w:rPr>
  </w:style>
  <w:style w:type="paragraph" w:styleId="Heading2">
    <w:name w:val="heading 2"/>
    <w:basedOn w:val="Normal"/>
    <w:next w:val="Normal"/>
    <w:link w:val="Heading2Char"/>
    <w:uiPriority w:val="9"/>
    <w:unhideWhenUsed/>
    <w:qFormat/>
    <w:rsid w:val="00AA1D8D"/>
    <w:pPr>
      <w:keepNext/>
      <w:keepLines/>
      <w:spacing w:before="200"/>
      <w:outlineLvl w:val="1"/>
    </w:pPr>
    <w:rPr>
      <w:rFonts w:asciiTheme="majorHAnsi" w:eastAsiaTheme="majorEastAsia" w:hAnsiTheme="majorHAnsi" w:cstheme="majorBidi"/>
      <w:b/>
      <w:bCs/>
      <w:color w:val="4F81BD" w:themeColor="accent1"/>
      <w:sz w:val="26"/>
      <w:szCs w:val="26"/>
    </w:rPr>
  </w:style>
  <w:style w:type="paragraph" w:styleId="Heading3">
    <w:name w:val="heading 3"/>
    <w:basedOn w:val="Normal"/>
    <w:next w:val="Normal"/>
    <w:link w:val="Heading3Char"/>
    <w:uiPriority w:val="9"/>
    <w:unhideWhenUsed/>
    <w:qFormat/>
    <w:rsid w:val="00AA1D8D"/>
    <w:pPr>
      <w:keepNext/>
      <w:keepLines/>
      <w:spacing w:before="200"/>
      <w:outlineLvl w:val="2"/>
    </w:pPr>
    <w:rPr>
      <w:rFonts w:asciiTheme="majorHAnsi" w:eastAsiaTheme="majorEastAsia" w:hAnsiTheme="majorHAnsi" w:cstheme="majorBidi"/>
      <w:b/>
      <w:bCs/>
      <w:color w:val="4F81BD" w:themeColor="accent1"/>
    </w:rPr>
  </w:style>
  <w:style w:type="character" w:default="1" w:styleId="DefaultParagraphFont">
    <w:name w:val="Default Paragraph Font"/>
    <w:uiPriority w:val="1"/>
    <w:semiHidden/>
    <w:unhideWhenUsed/>
  </w:style>
  <w:style w:type="table" w:default="1" w:styleId="TableNormal">
    <w:name w:val="Normal Table"/>
    <w:uiPriority w:val="99"/>
    <w:semiHidden/>
    <w:unhideWhenUsed/>
    <w:tblPr>
      <w:tblInd w:w="0" w:type="dxa"/>
      <w:tblCellMar>
        <w:top w:w="0" w:type="dxa"/>
        <w:left w:w="108" w:type="dxa"/>
        <w:bottom w:w="0" w:type="dxa"/>
        <w:right w:w="108" w:type="dxa"/>
      </w:tblCellMar>
    </w:tblPr>
  </w:style>
  <w:style w:type="numbering" w:default="1" w:styleId="NoList">
    <w:name w:val="No List"/>
    <w:uiPriority w:val="99"/>
    <w:semiHidden/>
    <w:unhideWhenUsed/>
  </w:style>
  <w:style w:type="paragraph" w:styleId="NoSpacing">
    <w:name w:val="No Spacing"/>
    <w:uiPriority w:val="1"/>
    <w:qFormat/>
    <w:rsid w:val="00AA1D8D"/>
  </w:style>
  <w:style w:type="character" w:customStyle="1" w:styleId="Heading1Char">
    <w:name w:val="Heading 1 Char"/>
    <w:basedOn w:val="DefaultParagraphFont"/>
    <w:link w:val="Heading1"/>
    <w:uiPriority w:val="9"/>
    <w:rsid w:val="00AA1D8D"/>
    <w:rPr>
      <w:rFonts w:asciiTheme="majorHAnsi" w:eastAsiaTheme="majorEastAsia" w:hAnsiTheme="majorHAnsi" w:cstheme="majorBidi"/>
      <w:b/>
      <w:bCs/>
      <w:color w:val="345A8A" w:themeColor="accent1" w:themeShade="B5"/>
      <w:sz w:val="32"/>
      <w:szCs w:val="32"/>
    </w:rPr>
  </w:style>
  <w:style w:type="character" w:customStyle="1" w:styleId="Heading2Char">
    <w:name w:val="Heading 2 Char"/>
    <w:basedOn w:val="DefaultParagraphFont"/>
    <w:link w:val="Heading2"/>
    <w:uiPriority w:val="9"/>
    <w:rsid w:val="00AA1D8D"/>
    <w:rPr>
      <w:rFonts w:asciiTheme="majorHAnsi" w:eastAsiaTheme="majorEastAsia" w:hAnsiTheme="majorHAnsi" w:cstheme="majorBidi"/>
      <w:b/>
      <w:bCs/>
      <w:color w:val="4F81BD" w:themeColor="accent1"/>
      <w:sz w:val="26"/>
      <w:szCs w:val="26"/>
    </w:rPr>
  </w:style>
  <w:style w:type="character" w:customStyle="1" w:styleId="Heading3Char">
    <w:name w:val="Heading 3 Char"/>
    <w:basedOn w:val="DefaultParagraphFont"/>
    <w:link w:val="Heading3"/>
    <w:uiPriority w:val="9"/>
    <w:rsid w:val="00AA1D8D"/>
    <w:rPr>
      <w:rFonts w:asciiTheme="majorHAnsi" w:eastAsiaTheme="majorEastAsia" w:hAnsiTheme="majorHAnsi" w:cstheme="majorBidi"/>
      <w:b/>
      <w:bCs/>
      <w:color w:val="4F81BD" w:themeColor="accent1"/>
    </w:rPr>
  </w:style>
  <w:style w:type="paragraph" w:styleId="Title">
    <w:name w:val="Title"/>
    <w:basedOn w:val="Normal"/>
    <w:next w:val="Normal"/>
    <w:link w:val="TitleChar"/>
    <w:uiPriority w:val="10"/>
    <w:qFormat/>
    <w:rsid w:val="00AA1D8D"/>
    <w:pPr>
      <w:pBdr>
        <w:bottom w:val="single" w:sz="8" w:space="4" w:color="4F81BD" w:themeColor="accent1"/>
      </w:pBdr>
      <w:spacing w:after="300"/>
      <w:contextualSpacing/>
    </w:pPr>
    <w:rPr>
      <w:rFonts w:asciiTheme="majorHAnsi" w:eastAsiaTheme="majorEastAsia" w:hAnsiTheme="majorHAnsi" w:cstheme="majorBidi"/>
      <w:color w:val="17365D" w:themeColor="text2" w:themeShade="BF"/>
      <w:spacing w:val="5"/>
      <w:kern w:val="28"/>
      <w:sz w:val="52"/>
      <w:szCs w:val="52"/>
    </w:rPr>
  </w:style>
  <w:style w:type="character" w:customStyle="1" w:styleId="TitleChar">
    <w:name w:val="Title Char"/>
    <w:basedOn w:val="DefaultParagraphFont"/>
    <w:link w:val="Title"/>
    <w:uiPriority w:val="10"/>
    <w:rsid w:val="00AA1D8D"/>
    <w:rPr>
      <w:rFonts w:asciiTheme="majorHAnsi" w:eastAsiaTheme="majorEastAsia" w:hAnsiTheme="majorHAnsi" w:cstheme="majorBidi"/>
      <w:color w:val="17365D" w:themeColor="text2" w:themeShade="BF"/>
      <w:spacing w:val="5"/>
      <w:kern w:val="28"/>
      <w:sz w:val="52"/>
      <w:szCs w:val="52"/>
    </w:rPr>
  </w:style>
  <w:style w:type="paragraph" w:styleId="Subtitle">
    <w:name w:val="Subtitle"/>
    <w:basedOn w:val="Normal"/>
    <w:next w:val="Normal"/>
    <w:link w:val="SubtitleChar"/>
    <w:uiPriority w:val="11"/>
    <w:qFormat/>
    <w:rsid w:val="00AA1D8D"/>
    <w:pPr>
      <w:numPr>
        <w:ilvl w:val="1"/>
      </w:numPr>
    </w:pPr>
    <w:rPr>
      <w:rFonts w:asciiTheme="majorHAnsi" w:eastAsiaTheme="majorEastAsia" w:hAnsiTheme="majorHAnsi" w:cstheme="majorBidi"/>
      <w:i/>
      <w:iCs/>
      <w:color w:val="4F81BD" w:themeColor="accent1"/>
      <w:spacing w:val="15"/>
    </w:rPr>
  </w:style>
  <w:style w:type="character" w:customStyle="1" w:styleId="SubtitleChar">
    <w:name w:val="Subtitle Char"/>
    <w:basedOn w:val="DefaultParagraphFont"/>
    <w:link w:val="Subtitle"/>
    <w:uiPriority w:val="11"/>
    <w:rsid w:val="00AA1D8D"/>
    <w:rPr>
      <w:rFonts w:asciiTheme="majorHAnsi" w:eastAsiaTheme="majorEastAsia" w:hAnsiTheme="majorHAnsi" w:cstheme="majorBidi"/>
      <w:i/>
      <w:iCs/>
      <w:color w:val="4F81BD" w:themeColor="accent1"/>
      <w:spacing w:val="15"/>
    </w:rPr>
  </w:style>
  <w:style w:type="paragraph" w:styleId="ListParagraph">
    <w:name w:val="List Paragraph"/>
    <w:basedOn w:val="Normal"/>
    <w:uiPriority w:val="34"/>
    <w:qFormat/>
    <w:rsid w:val="00326F90"/>
    <w:pPr>
      <w:ind w:left="720"/>
      <w:contextualSpacing/>
    </w:pPr>
  </w:style>
  <w:style w:type="paragraph" w:styleId="BodyText">
    <w:name w:val="Body Text"/>
    <w:basedOn w:val="Normal"/>
    <w:link w:val="BodyTextChar"/>
    <w:uiPriority w:val="99"/>
    <w:unhideWhenUsed/>
    <w:rsid w:val="00AA1D8D"/>
    <w:pPr>
      <w:spacing w:after="120"/>
    </w:pPr>
  </w:style>
  <w:style w:type="character" w:customStyle="1" w:styleId="BodyTextChar">
    <w:name w:val="Body Text Char"/>
    <w:basedOn w:val="DefaultParagraphFont"/>
    <w:link w:val="BodyText"/>
    <w:uiPriority w:val="99"/>
    <w:rsid w:val="00AA1D8D"/>
  </w:style>
  <w:style w:type="paragraph" w:styleId="BodyText2">
    <w:name w:val="Body Text 2"/>
    <w:basedOn w:val="Normal"/>
    <w:link w:val="BodyText2Char"/>
    <w:uiPriority w:val="99"/>
    <w:unhideWhenUsed/>
    <w:rsid w:val="00AA1D8D"/>
    <w:pPr>
      <w:spacing w:after="120" w:line="480" w:lineRule="auto"/>
    </w:pPr>
  </w:style>
  <w:style w:type="character" w:customStyle="1" w:styleId="BodyText2Char">
    <w:name w:val="Body Text 2 Char"/>
    <w:basedOn w:val="DefaultParagraphFont"/>
    <w:link w:val="BodyText2"/>
    <w:uiPriority w:val="99"/>
    <w:rsid w:val="00AA1D8D"/>
  </w:style>
  <w:style w:type="paragraph" w:styleId="BodyText3">
    <w:name w:val="Body Text 3"/>
    <w:basedOn w:val="Normal"/>
    <w:link w:val="BodyText3Char"/>
    <w:uiPriority w:val="99"/>
    <w:unhideWhenUsed/>
    <w:rsid w:val="00AA1D8D"/>
    <w:pPr>
      <w:spacing w:after="120"/>
    </w:pPr>
    <w:rPr>
      <w:sz w:val="16"/>
      <w:szCs w:val="16"/>
    </w:rPr>
  </w:style>
  <w:style w:type="character" w:customStyle="1" w:styleId="BodyText3Char">
    <w:name w:val="Body Text 3 Char"/>
    <w:basedOn w:val="DefaultParagraphFont"/>
    <w:link w:val="BodyText3"/>
    <w:uiPriority w:val="99"/>
    <w:rsid w:val="00AA1D8D"/>
    <w:rPr>
      <w:sz w:val="16"/>
      <w:szCs w:val="16"/>
    </w:rPr>
  </w:style>
  <w:style w:type="paragraph" w:styleId="List">
    <w:name w:val="List"/>
    <w:basedOn w:val="Normal"/>
    <w:uiPriority w:val="99"/>
    <w:unhideWhenUsed/>
    <w:rsid w:val="00AA1D8D"/>
    <w:pPr>
      <w:ind w:left="360" w:hanging="360"/>
      <w:contextualSpacing/>
    </w:pPr>
  </w:style>
  <w:style w:type="paragraph" w:styleId="List2">
    <w:name w:val="List 2"/>
    <w:basedOn w:val="Normal"/>
    <w:uiPriority w:val="99"/>
    <w:unhideWhenUsed/>
    <w:rsid w:val="00326F90"/>
    <w:pPr>
      <w:ind w:left="720" w:hanging="360"/>
      <w:contextualSpacing/>
    </w:pPr>
  </w:style>
  <w:style w:type="paragraph" w:styleId="List3">
    <w:name w:val="List 3"/>
    <w:basedOn w:val="Normal"/>
    <w:uiPriority w:val="99"/>
    <w:unhideWhenUsed/>
    <w:rsid w:val="00326F90"/>
    <w:pPr>
      <w:ind w:left="1080" w:hanging="360"/>
      <w:contextualSpacing/>
    </w:pPr>
  </w:style>
  <w:style w:type="paragraph" w:styleId="ListBullet">
    <w:name w:val="List Bullet"/>
    <w:basedOn w:val="Normal"/>
    <w:uiPriority w:val="99"/>
    <w:unhideWhenUsed/>
    <w:rsid w:val="00326F90"/>
    <w:pPr>
      <w:numPr>
        <w:numId w:val="1"/>
      </w:numPr>
      <w:contextualSpacing/>
    </w:pPr>
  </w:style>
  <w:style w:type="paragraph" w:styleId="ListBullet2">
    <w:name w:val="List Bullet 2"/>
    <w:basedOn w:val="Normal"/>
    <w:uiPriority w:val="99"/>
    <w:unhideWhenUsed/>
    <w:rsid w:val="00326F90"/>
    <w:pPr>
      <w:numPr>
        <w:numId w:val="2"/>
      </w:numPr>
      <w:contextualSpacing/>
    </w:pPr>
  </w:style>
  <w:style w:type="paragraph" w:styleId="ListBullet3">
    <w:name w:val="List Bullet 3"/>
    <w:basedOn w:val="Normal"/>
    <w:uiPriority w:val="99"/>
    <w:unhideWhenUsed/>
    <w:rsid w:val="00326F90"/>
    <w:pPr>
      <w:numPr>
        <w:numId w:val="3"/>
      </w:numPr>
      <w:contextualSpacing/>
    </w:pPr>
  </w:style>
  <w:style w:type="paragraph" w:styleId="ListNumber">
    <w:name w:val="List Number"/>
    <w:basedOn w:val="Normal"/>
    <w:uiPriority w:val="99"/>
    <w:unhideWhenUsed/>
    <w:rsid w:val="00326F90"/>
    <w:pPr>
      <w:numPr>
        <w:numId w:val="5"/>
      </w:numPr>
      <w:contextualSpacing/>
    </w:pPr>
  </w:style>
  <w:style w:type="paragraph" w:styleId="ListNumber2">
    <w:name w:val="List Number 2"/>
    <w:basedOn w:val="Normal"/>
    <w:uiPriority w:val="99"/>
    <w:unhideWhenUsed/>
    <w:rsid w:val="0029639D"/>
    <w:pPr>
      <w:numPr>
        <w:numId w:val="6"/>
      </w:numPr>
      <w:contextualSpacing/>
    </w:pPr>
  </w:style>
  <w:style w:type="paragraph" w:styleId="ListNumber3">
    <w:name w:val="List Number 3"/>
    <w:basedOn w:val="Normal"/>
    <w:uiPriority w:val="99"/>
    <w:unhideWhenUsed/>
    <w:rsid w:val="0029639D"/>
    <w:pPr>
      <w:numPr>
        <w:numId w:val="7"/>
      </w:numPr>
      <w:contextualSpacing/>
    </w:pPr>
  </w:style>
  <w:style w:type="paragraph" w:styleId="ListContinue">
    <w:name w:val="List Continue"/>
    <w:basedOn w:val="Normal"/>
    <w:uiPriority w:val="99"/>
    <w:unhideWhenUsed/>
    <w:rsid w:val="0029639D"/>
    <w:pPr>
      <w:spacing w:after="120"/>
      <w:ind w:left="360"/>
      <w:contextualSpacing/>
    </w:pPr>
  </w:style>
  <w:style w:type="paragraph" w:styleId="ListContinue2">
    <w:name w:val="List Continue 2"/>
    <w:basedOn w:val="Normal"/>
    <w:uiPriority w:val="99"/>
    <w:unhideWhenUsed/>
    <w:rsid w:val="0029639D"/>
    <w:pPr>
      <w:spacing w:after="120"/>
      <w:ind w:left="720"/>
      <w:contextualSpacing/>
    </w:pPr>
  </w:style>
  <w:style w:type="paragraph" w:styleId="ListContinue3">
    <w:name w:val="List Continue 3"/>
    <w:basedOn w:val="Normal"/>
    <w:uiPriority w:val="99"/>
    <w:unhideWhenUsed/>
    <w:rsid w:val="0029639D"/>
    <w:pPr>
      <w:spacing w:after="120"/>
      <w:ind w:left="1080"/>
      <w:contextualSpacing/>
    </w:pPr>
  </w:style>
  <w:style w:type="paragraph" w:styleId="MacroText">
    <w:name w:val="macro"/>
    <w:link w:val="MacroTextChar"/>
    <w:uiPriority w:val="99"/>
    <w:unhideWhenUsed/>
    <w:rsid w:val="0029639D"/>
    <w:pPr>
      <w:tabs>
        <w:tab w:val="left" w:pos="576"/>
        <w:tab w:val="left" w:pos="1152"/>
        <w:tab w:val="left" w:pos="1728"/>
        <w:tab w:val="left" w:pos="2304"/>
        <w:tab w:val="left" w:pos="2880"/>
        <w:tab w:val="left" w:pos="3456"/>
        <w:tab w:val="left" w:pos="4032"/>
      </w:tabs>
    </w:pPr>
    <w:rPr>
      <w:rFonts w:ascii="Courier" w:hAnsi="Courier"/>
      <w:sz w:val="20"/>
      <w:szCs w:val="20"/>
    </w:rPr>
  </w:style>
  <w:style w:type="character" w:customStyle="1" w:styleId="MacroTextChar">
    <w:name w:val="Macro Text Char"/>
    <w:basedOn w:val="DefaultParagraphFont"/>
    <w:link w:val="MacroText"/>
    <w:uiPriority w:val="99"/>
    <w:rsid w:val="0029639D"/>
    <w:rPr>
      <w:rFonts w:ascii="Courier" w:hAnsi="Courier"/>
      <w:sz w:val="20"/>
      <w:szCs w:val="20"/>
    </w:rPr>
  </w:style>
  <w:style w:type="paragraph" w:styleId="Quote">
    <w:name w:val="Quote"/>
    <w:basedOn w:val="Normal"/>
    <w:next w:val="Normal"/>
    <w:link w:val="QuoteChar"/>
    <w:uiPriority w:val="29"/>
    <w:qFormat/>
    <w:rsid w:val="0029639D"/>
    <w:rPr>
      <w:i/>
      <w:iCs/>
      <w:color w:val="000000" w:themeColor="text1"/>
    </w:rPr>
  </w:style>
  <w:style w:type="character" w:customStyle="1" w:styleId="QuoteChar">
    <w:name w:val="Quote Char"/>
    <w:basedOn w:val="DefaultParagraphFont"/>
    <w:link w:val="Quote"/>
    <w:uiPriority w:val="29"/>
    <w:rsid w:val="0029639D"/>
    <w:rPr>
      <w:i/>
      <w:iCs/>
      <w:color w:val="000000" w:themeColor="text1"/>
    </w:rPr>
  </w:style>
</w:styles>
